atlasId,atlasName,cohortId,name,cohortType,StartYear
1,Osteoporosis (2012-2021),1,ODTP_Osteoporosis,P_Target,
2,Osteoporosis (2012),2,ODTP_Osteoporosis_sub,P_Target,2012
3,Osteoporosis (2013),3,ODTP_Osteoporosis_sub,P_Target,2013
4,Osteoporosis (2014),4,ODTP_Osteoporosis_sub,P_Target,2014
5,Osteoporosis (2015),5,ODTP_Osteoporosis_sub,P_Target,2015
6,Osteoporosis (2016),6,ODTP_Osteoporosis_sub,P_Target,2016
7,Osteoporosis (2017),7,ODTP_Osteoporosis_sub,P_Target,2017
8,Osteoporosis (2018),8,ODTP_Osteoporosis_sub,P_Target,2018
9,Osteoporosis (2019),9,ODTP_Osteoporosis_sub,P_Target,2019
10,Osteoporosis (2020),10,ODTP_Osteoporosis_sub,P_Target,2020
11,Osteoporosis (2021),11,ODTP_Osteoporosis_sub,P_Target,2021
1001,bisphosphonate PO,1001,ODTP_Bisphosphonate_PO,P_Outcome,
1002,bisphosphonate IV,1002,ODTP_Bisphosphonate_IV,P_Outcome,
1003,SERM,1003,ODTP_SERM,P_Outcome,
1004,denosumab,1004,ODTP_Denosumab,P_Outcome,
1005,rhPTH,1005,ODTP_rhPTH,P_Outcome,
1006,Romosozumab,1006,ODTP_Romosozumab,P_Outcome,
2001,bisphosphonate PO,2001,ODTP_Bisphosphonate_PO_DRUG,DRUG,
2002,bisphosphonate IV,2002,ODTP_Bisphosphonate_IV_DRUG,DRUG,
2003,SERM,2003,ODTP_SERM_DRUG,DRUG,
2004,denosumab,2004,ODTP_Denosumab_DRUG,DRUG,
2005,rhPTH,2005,ODTP_rhPTH_DRUG,DRUG,
2006,Romosozumab,2006,ODTP_Romosozumab_DRUG,DRUG,
