{
	"cdmVersionRange" : ">=5.0.0",
	"PrimaryCriteria" : {
		"CriteriaList" : [
			{
				"DrugExposure" : {
					"CodesetId" : 1,
					"DrugTypeExclude" : false,
					"DaysSupply" : {
						"Value" : 1,
						"Op" : "gte"
					}
				}
			}
		],
		"ObservationWindow" : {
			"PriorDays" : 0,
			"PostDays" : 0
		},
		"PrimaryCriteriaLimit" : {
			"Type" : "All"
		}
	},
	"ConceptSets" : [
		{
			"id" : 0,
			"name" : "[ODTP] Osteoporosis",
			"expression" : {
				"items" : [
					{
						"concept" : {
							"CONCEPT_ID" : 80502,
							"CONCEPT_NAME" : "Osteoporosis",
							"STANDARD_CONCEPT" : "S",
							"STANDARD_CONCEPT_CAPTION" : "Standard",
							"INVALID_REASON" : "V",
							"INVALID_REASON_CAPTION" : "Valid",
							"CONCEPT_CODE" : "64859006",
							"DOMAIN_ID" : "Condition",
							"VOCABULARY_ID" : "SNOMED",
							"CONCEPT_CLASS_ID" : "Clinical Finding"
						},
						"isExcluded" : false,
						"includeDescendants" : true,
						"includeMapped" : false
					},
					{
						"concept" : {
							"CONCEPT_ID" : 42538151,
							"CONCEPT_NAME" : "Osteoporosis co-occurrent and due to multiple myeloma",
							"STANDARD_CONCEPT" : "S",
							"STANDARD_CONCEPT_CAPTION" : "Standard",
							"INVALID_REASON" : "V",
							"INVALID_REASON_CAPTION" : "Valid",
							"CONCEPT_CODE" : "739301006",
							"DOMAIN_ID" : "Condition",
							"VOCABULARY_ID" : "SNOMED",
							"CONCEPT_CLASS_ID" : "Clinical Finding"
						},
						"isExcluded" : true,
						"includeDescendants" : true,
						"includeMapped" : false
					},
					{
						"concept" : {
							"CONCEPT_ID" : 4002134,
							"CONCEPT_NAME" : "Osteoporosis in endocrine disorders",
							"STANDARD_CONCEPT" : "S",
							"STANDARD_CONCEPT_CAPTION" : "Standard",
							"INVALID_REASON" : "V",
							"INVALID_REASON_CAPTION" : "Valid",
							"CONCEPT_CODE" : "203437004",
							"DOMAIN_ID" : "Condition",
							"VOCABULARY_ID" : "SNOMED",
							"CONCEPT_CLASS_ID" : "Clinical Finding"
						},
						"isExcluded" : true,
						"includeDescendants" : true,
						"includeMapped" : false
					},
					{
						"concept" : {
							"CONCEPT_ID" : 4001645,
							"CONCEPT_NAME" : "Osteoporosis, unspecified",
							"STANDARD_CONCEPT" : "N",
							"STANDARD_CONCEPT_CAPTION" : "Non-Standard",
							"INVALID_REASON" : "U",
							"INVALID_REASON_CAPTION" : "Invalid",
							"CONCEPT_CODE" : "203428004",
							"DOMAIN_ID" : "Condition",
							"VOCABULARY_ID" : "SNOMED",
							"CONCEPT_CLASS_ID" : "Clinical Finding"
						},
						"isExcluded" : false,
						"includeDescendants" : false,
						"includeMapped" : false
					},
					{
						"concept" : {
							"CONCEPT_ID" : 40480160,
							"CONCEPT_NAME" : "Pathological fracture due to osteoporosis",
							"STANDARD_CONCEPT" : "S",
							"STANDARD_CONCEPT_CAPTION" : "Standard",
							"INVALID_REASON" : "V",
							"INVALID_REASON_CAPTION" : "Valid",
							"CONCEPT_CODE" : "443165006",
							"DOMAIN_ID" : "Condition",
							"VOCABULARY_ID" : "SNOMED",
							"CONCEPT_CLASS_ID" : "Clinical Finding"
						},
						"isExcluded" : true,
						"includeDescendants" : true,
						"includeMapped" : false
					},
					{
						"concept" : {
							"CONCEPT_ID" : 45766159,
							"CONCEPT_NAME" : "Secondary osteoporosis",
							"STANDARD_CONCEPT" : "S",
							"STANDARD_CONCEPT_CAPTION" : "Standard",
							"INVALID_REASON" : "V",
							"INVALID_REASON_CAPTION" : "Valid",
							"CONCEPT_CODE" : "703264005",
							"DOMAIN_ID" : "Condition",
							"VOCABULARY_ID" : "SNOMED",
							"CONCEPT_CLASS_ID" : "Clinical Finding"
						},
						"isExcluded" : true,
						"includeDescendants" : true,
						"includeMapped" : false
					},
					{
						"concept" : {
							"CONCEPT_ID" : 40401864,
							"CONCEPT_NAME" : "[X]Other osteoporosis",
							"STANDARD_CONCEPT" : "N",
							"STANDARD_CONCEPT_CAPTION" : "Non-Standard",
							"INVALID_REASON" : "D",
							"INVALID_REASON_CAPTION" : "Invalid",
							"CONCEPT_CODE" : "203878009",
							"DOMAIN_ID" : "Condition",
							"VOCABULARY_ID" : "SNOMED",
							"CONCEPT_CLASS_ID" : "Clinical Finding"
						},
						"isExcluded" : false,
						"includeDescendants" : false,
						"includeMapped" : false
					}
				]
			}
		},
		{
			"id" : 1,
			"name" : "[ODTP] Romosozumab",
			"expression" : {
				"items" : [
					{
						"concept" : {
							"CONCEPT_ID" : 1511297,
							"CONCEPT_NAME" : "romosozumab Prefilled Syringe",
							"STANDARD_CONCEPT" : "S",
							"STANDARD_CONCEPT_CAPTION" : "Standard",
							"INVALID_REASON" : "V",
							"INVALID_REASON_CAPTION" : "Valid",
							"CONCEPT_CODE" : "2123183",
							"DOMAIN_ID" : "Drug",
							"VOCABULARY_ID" : "RxNorm",
							"CONCEPT_CLASS_ID" : "Clinical Drug Form"
						},
						"isExcluded" : false,
						"includeDescendants" : true,
						"includeMapped" : false
					}
				]
			}
		}
	],
	"QualifiedLimit" : {
		"Type" : "First"
	},
	"ExpressionLimit" : {
		"Type" : "All"
	},
	"InclusionRules" : [
		{
			"name" : "has a history of osteoporosis",
			"expression" : {
				"Type" : "ALL",
				"CriteriaList" : [
					{
						"Criteria" : {
							"ConditionOccurrence" : {
								"CodesetId" : 0,
								"ConditionTypeExclude" : false
							}
						},
						"StartWindow" : {
							"Start" : {
								"Coeff" : -1
							},
							"End" : {
								"Days" : 0,
								"Coeff" : -1
							},
							"UseIndexEnd" : false,
							"UseEventEnd" : false
						},
						"RestrictVisit" : false,
						"IgnoreObservationPeriod" : false,
						"Occurrence" : {
							"Type" : 2,
							"Count" : 1,
							"IsDistinct" : false
						}
					}
				],
				"DemographicCriteriaList" : [],
				"Groups" : []
			}
		}
	],
	"EndStrategy" : {
		"CustomEra" : {
			"DrugCodesetId" : 1,
			"GapDays" : 395,
			"Offset" : 0
		}
	},
	"CensoringCriteria" : [],
	"CollapseSettings" : {
		"CollapseType" : "ERA",
		"EraPad" : 0
	},
	"CensorWindow" : {}
}
