{
  "ExpressionLimit": {"Type": "All"},
  "CollapseSettings": {
    "CollapseType": "ERA",
    "EraPad": 0
  },
  "CensorWindow": {
    "StartDate": null,
    "EndDate": null
  },
  "ConceptSets": [
    {
      "expression": {"items": [
        {
          "isExcluded": false,
          "concept": {
            "INVALID_REASON_CAPTION": "Valid",
            "CONCEPT_ID": 80502,
            "STANDARD_CONCEPT": "S",
            "CONCEPT_CODE": "64859006",
            "VOCABULARY_ID": "SNOMED",
            "CONCEPT_NAME": "Osteoporosis",
            "DOMAIN_ID": "Condition",
            "STANDARD_CONCEPT_CAPTION": "Standard",
            "CONCEPT_CLASS_ID": "Clinical Finding",
            "INVALID_REASON": "V"
          },
          "includeMapped": false,
          "includeDescendants": true
        },
        {
          "isExcluded": true,
          "concept": {
            "INVALID_REASON_CAPTION": "Valid",
            "CONCEPT_ID": 40480160,
            "STANDARD_CONCEPT": "S",
            "CONCEPT_CODE": "443165006",
            "VOCABULARY_ID": "SNOMED",
            "CONCEPT_NAME": "Osteoporotic fracture",
            "DOMAIN_ID": "Condition",
            "STANDARD_CONCEPT_CAPTION": "Standard",
            "CONCEPT_CLASS_ID": "Clinical Finding",
            "INVALID_REASON": "V"
          },
          "includeMapped": false,
          "includeDescendants": true
        },
        {
          "isExcluded": true,
          "concept": {
            "INVALID_REASON_CAPTION": "Valid",
            "CONCEPT_ID": 42538151,
            "STANDARD_CONCEPT": "S",
            "CONCEPT_CODE": "739301006",
            "VOCABULARY_ID": "SNOMED",
            "CONCEPT_NAME": "Osteoporosis co-occurrent and due to multiple myeloma",
            "DOMAIN_ID": "Condition",
            "STANDARD_CONCEPT_CAPTION": "Standard",
            "CONCEPT_CLASS_ID": "Clinical Finding",
            "INVALID_REASON": "V"
          },
          "includeMapped": false,
          "includeDescendants": true
        },
        {
          "isExcluded": true,
          "concept": {
            "INVALID_REASON_CAPTION": "Valid",
            "CONCEPT_ID": 45766159,
            "STANDARD_CONCEPT": "S",
            "CONCEPT_CODE": "703264005",
            "VOCABULARY_ID": "SNOMED",
            "CONCEPT_NAME": "Secondary osteoporosis",
            "DOMAIN_ID": "Condition",
            "STANDARD_CONCEPT_CAPTION": "Standard",
            "CONCEPT_CLASS_ID": "Clinical Finding",
            "INVALID_REASON": "V"
          },
          "includeMapped": false,
          "includeDescendants": true
        },
        {
          "isExcluded": true,
          "concept": {
            "INVALID_REASON_CAPTION": "Valid",
            "CONCEPT_ID": 4002134,
            "STANDARD_CONCEPT": "S",
            "CONCEPT_CODE": "203437004",
            "VOCABULARY_ID": "SNOMED",
            "CONCEPT_NAME": "Osteoporosis in endocrine disorders",
            "DOMAIN_ID": "Condition",
            "STANDARD_CONCEPT_CAPTION": "Standard",
            "CONCEPT_CLASS_ID": "Clinical Finding",
            "INVALID_REASON": "V"
          },
          "includeMapped": false,
          "includeDescendants": true
        },
        {
          "isExcluded": false,
          "concept": {
            "INVALID_REASON_CAPTION": "Invalid",
            "CONCEPT_ID": 40401864,
            "STANDARD_CONCEPT": "N",
            "CONCEPT_CODE": "203878009",
            "VOCABULARY_ID": "SNOMED",
            "CONCEPT_NAME": "[X]Other osteoporosis",
            "DOMAIN_ID": "Condition",
            "STANDARD_CONCEPT_CAPTION": "Non-Standard",
            "CONCEPT_CLASS_ID": "Clinical Finding",
            "INVALID_REASON": "D"
          },
          "includeMapped": false,
          "includeDescendants": false
        },
        {
          "isExcluded": false,
          "concept": {
            "INVALID_REASON_CAPTION": "Invalid",
            "CONCEPT_ID": 4149785,
            "STANDARD_CONCEPT": "N",
            "CONCEPT_CODE": "309745002",
            "VOCABULARY_ID": "SNOMED",
            "CONCEPT_NAME": "Osteoporosis localized to spine",
            "DOMAIN_ID": "Condition",
            "STANDARD_CONCEPT_CAPTION": "Non-Standard",
            "CONCEPT_CLASS_ID": "Clinical Finding",
            "INVALID_REASON": "U"
          },
          "includeMapped": false,
          "includeDescendants": false
        },
        {
          "isExcluded": false,
          "concept": {
            "INVALID_REASON_CAPTION": "Invalid",
            "CONCEPT_ID": 4001645,
            "STANDARD_CONCEPT": "N",
            "CONCEPT_CODE": "203428004",
            "VOCABULARY_ID": "SNOMED",
            "CONCEPT_NAME": "Osteoporosis, unspecified",
            "DOMAIN_ID": "Condition",
            "STANDARD_CONCEPT_CAPTION": "Non-Standard",
            "CONCEPT_CLASS_ID": "Clinical Finding",
            "INVALID_REASON": "U"
          },
          "includeMapped": false,
          "includeDescendants": false
        }
      ]},
      "name": "[BDJ] Osteoporosis_v3",
      "id": 16
    },
    {
      "expression": {"items": [
        {
          "isExcluded": false,
          "concept": {
            "INVALID_REASON_CAPTION": "Valid",
            "CONCEPT_ID": 42958475,
            "STANDARD_CONCEPT": "S",
            "CONCEPT_CODE": "OMOP4684987",
            "VOCABULARY_ID": "RxNorm Extension",
            "CONCEPT_NAME": "Alendronate 5 MG / Calcitriol 0.0005 MG Extended Release Oral Tablet",
            "DOMAIN_ID": "Drug",
            "STANDARD_CONCEPT_CAPTION": "Standard",
            "CONCEPT_CLASS_ID": "Clinical Drug",
            "INVALID_REASON": "V"
          },
          "includeMapped": false,
          "includeDescendants": false
        },
        {
          "isExcluded": false,
          "concept": {
            "INVALID_REASON_CAPTION": "Valid",
            "CONCEPT_ID": 42958476,
            "STANDARD_CONCEPT": "S",
            "CONCEPT_CODE": "OMOP4684988",
            "VOCABULARY_ID": "RxNorm Extension",
            "CONCEPT_NAME": "Alendronate 5 MG / Calcitriol 0.0005 MG Extended Release Oral Tablet [MAXMARVIL]",
            "DOMAIN_ID": "Drug",
            "STANDARD_CONCEPT_CAPTION": "Standard",
            "CONCEPT_CLASS_ID": "Branded Drug",
            "INVALID_REASON": "V"
          },
          "includeMapped": false,
          "includeDescendants": false
        },
        {
          "isExcluded": false,
          "concept": {
            "INVALID_REASON_CAPTION": "Valid",
            "CONCEPT_ID": 40173590,
            "STANDARD_CONCEPT": "S",
            "CONCEPT_CODE": "904419",
            "VOCABULARY_ID": "RxNorm",
            "CONCEPT_NAME": "alendronic acid 10 MG Oral Tablet",
            "DOMAIN_ID": "Drug",
            "STANDARD_CONCEPT_CAPTION": "Standard",
            "CONCEPT_CLASS_ID": "Clinical Drug",
            "INVALID_REASON": "V"
          },
          "includeMapped": false,
          "includeDescendants": false
        },
        {
          "isExcluded": false,
          "concept": {
            "INVALID_REASON_CAPTION": "Valid",
            "CONCEPT_ID": 40173591,
            "STANDARD_CONCEPT": "S",
            "CONCEPT_CODE": "904421",
            "VOCABULARY_ID": "RxNorm",
            "CONCEPT_NAME": "alendronic acid 10 MG Oral Tablet [Fosamax]",
            "DOMAIN_ID": "Drug",
            "STANDARD_CONCEPT_CAPTION": "Standard",
            "CONCEPT_CLASS_ID": "Branded Drug",
            "INVALID_REASON": "V"
          },
          "includeMapped": false,
          "includeDescendants": false
        },
        {
          "isExcluded": false,
          "concept": {
            "INVALID_REASON_CAPTION": "Valid",
            "CONCEPT_ID": 40173602,
            "STANDARD_CONCEPT": "S",
            "CONCEPT_CODE": "904425",
            "VOCABULARY_ID": "RxNorm",
            "CONCEPT_NAME": "alendronic acid 5 MG Oral Tablet",
            "DOMAIN_ID": "Drug",
            "STANDARD_CONCEPT_CAPTION": "Standard",
            "CONCEPT_CLASS_ID": "Clinical Drug",
            "INVALID_REASON": "V"
          },
          "includeMapped": false,
          "includeDescendants": false
        },
        {
          "isExcluded": false,
          "concept": {
            "INVALID_REASON_CAPTION": "Valid",
            "CONCEPT_ID": 40174498,
            "STANDARD_CONCEPT": "S",
            "CONCEPT_CODE": "905041",
            "VOCABULARY_ID": "RxNorm",
            "CONCEPT_NAME": "risedronate sodium 5 MG Oral Tablet",
            "DOMAIN_ID": "Drug",
            "STANDARD_CONCEPT_CAPTION": "Standard",
            "CONCEPT_CLASS_ID": "Clinical Drug",
            "INVALID_REASON": "V"
          },
          "includeMapped": false,
          "includeDescendants": false
        },
        {
          "isExcluded": false,
          "concept": {
            "INVALID_REASON_CAPTION": "Valid",
            "CONCEPT_ID": 40174499,
            "STANDARD_CONCEPT": "S",
            "CONCEPT_CODE": "905043",
            "VOCABULARY_ID": "RxNorm",
            "CONCEPT_NAME": "risedronate sodium 5 MG Oral Tablet [Actonel]",
            "DOMAIN_ID": "Drug",
            "STANDARD_CONCEPT_CAPTION": "Standard",
            "CONCEPT_CLASS_ID": "Branded Drug",
            "INVALID_REASON": "V"
          },
          "includeMapped": false,
          "includeDescendants": false
        }
      ]},
      "name": "[BDJ]PO_BPs_1d",
      "id": 17
    },
    {
      "expression": {"items": [
        {
          "isExcluded": false,
          "concept": {
            "INVALID_REASON_CAPTION": "Valid",
            "CONCEPT_ID": 2056263,
            "STANDARD_CONCEPT": "S",
            "CONCEPT_CODE": "OMOP4957106",
            "VOCABULARY_ID": "RxNorm Extension",
            "CONCEPT_NAME": "cholecalciferol 24000 IU / ibandronate 150 MG Oral Tablet",
            "DOMAIN_ID": "Drug",
            "STANDARD_CONCEPT_CAPTION": "Standard",
            "CONCEPT_CLASS_ID": "Clinical Drug",
            "INVALID_REASON": "V"
          },
          "includeMapped": false,
          "includeDescendants": false
        },
        {
          "isExcluded": false,
          "concept": {
            "INVALID_REASON_CAPTION": "Valid",
            "CONCEPT_ID": 42971440,
            "STANDARD_CONCEPT": "S",
            "CONCEPT_CODE": "OMOP4697857",
            "VOCABULARY_ID": "RxNorm Extension",
            "CONCEPT_NAME": "Cholecalciferol 25000 UNT / Ibandronate 150 MG Oral Tablet",
            "DOMAIN_ID": "Drug",
            "STANDARD_CONCEPT_CAPTION": "Standard",
            "CONCEPT_CLASS_ID": "Clinical Drug",
            "INVALID_REASON": "V"
          },
          "includeMapped": false,
          "includeDescendants": false
        },
        {
          "isExcluded": false,
          "concept": {
            "INVALID_REASON_CAPTION": "Valid",
            "CONCEPT_ID": 42971625,
            "STANDARD_CONCEPT": "S",
            "CONCEPT_CODE": "OMOP4698038",
            "VOCABULARY_ID": "RxNorm Extension",
            "CONCEPT_NAME": "Cholecalciferol 30000 UNT / Risedronate 150 MG Oral Tablet",
            "DOMAIN_ID": "Drug",
            "STANDARD_CONCEPT_CAPTION": "Standard",
            "CONCEPT_CLASS_ID": "Clinical Drug",
            "INVALID_REASON": "V"
          },
          "includeMapped": false,
          "includeDescendants": false
        },
        {
          "isExcluded": false,
          "concept": {
            "INVALID_REASON_CAPTION": "Valid",
            "CONCEPT_ID": 42971627,
            "STANDARD_CONCEPT": "S",
            "CONCEPT_CODE": "OMOP4698040",
            "VOCABULARY_ID": "RxNorm Extension",
            "CONCEPT_NAME": "Cholecalciferol 30000 UNT / Risedronate 150 MG Oral Tablet [RISENEX M]",
            "DOMAIN_ID": "Drug",
            "STANDARD_CONCEPT_CAPTION": "Standard",
            "CONCEPT_CLASS_ID": "Branded Drug",
            "INVALID_REASON": "V"
          },
          "includeMapped": false,
          "includeDescendants": false
        },
        {
          "isExcluded": false,
          "concept": {
            "INVALID_REASON_CAPTION": "Valid",
            "CONCEPT_ID": 21154250,
            "STANDARD_CONCEPT": "S",
            "CONCEPT_CODE": "OMOP261468",
            "VOCABULARY_ID": "RxNorm Extension",
            "CONCEPT_NAME": "Ibandronate 150 MG Oral Tablet [Bonviva]",
            "DOMAIN_ID": "Drug",
            "STANDARD_CONCEPT_CAPTION": "Standard",
            "CONCEPT_CLASS_ID": "Branded Drug",
            "INVALID_REASON": "V"
          },
          "includeMapped": false,
          "includeDescendants": false
        },
        {
          "isExcluded": false,
          "concept": {
            "INVALID_REASON_CAPTION": "Valid",
            "CONCEPT_ID": 40174364,
            "STANDARD_CONCEPT": "S",
            "CONCEPT_CODE": "904932",
            "VOCABULARY_ID": "RxNorm",
            "CONCEPT_NAME": "ibandronic acid 150 MG Oral Tablet",
            "DOMAIN_ID": "Drug",
            "STANDARD_CONCEPT_CAPTION": "Standard",
            "CONCEPT_CLASS_ID": "Clinical Drug",
            "INVALID_REASON": "V"
          },
          "includeMapped": false,
          "includeDescendants": false
        },
        {
          "isExcluded": false,
          "concept": {
            "INVALID_REASON_CAPTION": "Valid",
            "CONCEPT_ID": 42943771,
            "STANDARD_CONCEPT": "S",
            "CONCEPT_CODE": "OMOP4670399",
            "VOCABULARY_ID": "RxNorm Extension",
            "CONCEPT_NAME": "Risedronate 150 MG Oral Tablet [RISNEL]",
            "DOMAIN_ID": "Drug",
            "STANDARD_CONCEPT_CAPTION": "Standard",
            "CONCEPT_CLASS_ID": "Branded Drug",
            "INVALID_REASON": "V"
          },
          "includeMapped": false,
          "includeDescendants": false
        },
        {
          "isExcluded": false,
          "concept": {
            "INVALID_REASON_CAPTION": "Valid",
            "CONCEPT_ID": 40174486,
            "STANDARD_CONCEPT": "S",
            "CONCEPT_CODE": "905028",
            "VOCABULARY_ID": "RxNorm",
            "CONCEPT_NAME": "risedronate sodium 150 MG Oral Tablet",
            "DOMAIN_ID": "Drug",
            "STANDARD_CONCEPT_CAPTION": "Standard",
            "CONCEPT_CLASS_ID": "Clinical Drug",
            "INVALID_REASON": "V"
          },
          "includeMapped": false,
          "includeDescendants": false
        },
        {
          "isExcluded": false,
          "concept": {
            "INVALID_REASON_CAPTION": "Valid",
            "CONCEPT_ID": 40174487,
            "STANDARD_CONCEPT": "S",
            "CONCEPT_CODE": "905030",
            "VOCABULARY_ID": "RxNorm",
            "CONCEPT_NAME": "risedronate sodium 150 MG Oral Tablet [Actonel]",
            "DOMAIN_ID": "Drug",
            "STANDARD_CONCEPT_CAPTION": "Standard",
            "CONCEPT_CLASS_ID": "Branded Drug",
            "INVALID_REASON": "V"
          },
          "includeMapped": false,
          "includeDescendants": false
        }
      ]},
      "name": "[BDJ]PO_BPs_1M",
      "id": 18
    },
    {
      "expression": {"items": [
        {
          "isExcluded": false,
          "concept": {
            "INVALID_REASON_CAPTION": "Valid",
            "CONCEPT_ID": 44033466,
            "STANDARD_CONCEPT": "S",
            "CONCEPT_CODE": "OMOP1028097",
            "VOCABULARY_ID": "RxNorm Extension",
            "CONCEPT_NAME": "Alendronate 70 MG / vitamin D3 2800 UNT Oral Tablet",
            "DOMAIN_ID": "Drug",
            "STANDARD_CONCEPT_CAPTION": "Standard",
            "CONCEPT_CLASS_ID": "Clinical Drug",
            "INVALID_REASON": "V"
          },
          "includeMapped": false,
          "includeDescendants": false
        },
        {
          "isExcluded": false,
          "concept": {
            "INVALID_REASON_CAPTION": "Valid",
            "CONCEPT_ID": 42952382,
            "STANDARD_CONCEPT": "S",
            "CONCEPT_CODE": "OMOP4678941",
            "VOCABULARY_ID": "RxNorm Extension",
            "CONCEPT_NAME": "Alendronate 70 MG / vitamin D3 2800 UNT Oral Tablet [FOSAMAX PLUS]",
            "DOMAIN_ID": "Drug",
            "STANDARD_CONCEPT_CAPTION": "Standard",
            "CONCEPT_CLASS_ID": "Branded Drug",
            "INVALID_REASON": "V"
          },
          "includeMapped": false,
          "includeDescendants": false
        },
        {
          "isExcluded": false,
          "concept": {
            "INVALID_REASON_CAPTION": "Valid",
            "CONCEPT_ID": 44033467,
            "STANDARD_CONCEPT": "S",
            "CONCEPT_CODE": "OMOP1028098",
            "VOCABULARY_ID": "RxNorm Extension",
            "CONCEPT_NAME": "Alendronate 70 MG / vitamin D3 5600 UNT Oral Tablet",
            "DOMAIN_ID": "Drug",
            "STANDARD_CONCEPT_CAPTION": "Standard",
            "CONCEPT_CLASS_ID": "Clinical Drug",
            "INVALID_REASON": "V"
          },
          "includeMapped": false,
          "includeDescendants": false
        },
        {
          "isExcluded": false,
          "concept": {
            "INVALID_REASON_CAPTION": "Valid",
            "CONCEPT_ID": 42952318,
            "STANDARD_CONCEPT": "S",
            "CONCEPT_CODE": "OMOP4678878",
            "VOCABULARY_ID": "RxNorm Extension",
            "CONCEPT_NAME": "Alendronate 70 MG / vitamin D3 5600 UNT Oral Tablet [Fosamax Plus D]",
            "DOMAIN_ID": "Drug",
            "STANDARD_CONCEPT_CAPTION": "Standard",
            "CONCEPT_CLASS_ID": "Branded Drug",
            "INVALID_REASON": "V"
          },
          "includeMapped": false,
          "includeDescendants": false
        },
        {
          "isExcluded": false,
          "concept": {
            "INVALID_REASON_CAPTION": "Valid",
            "CONCEPT_ID": 42952430,
            "STANDARD_CONCEPT": "S",
            "CONCEPT_CODE": "OMOP4678989",
            "VOCABULARY_ID": "RxNorm Extension",
            "CONCEPT_NAME": "Alendronate 70 MG Oral Tablet [ALENMAX]",
            "DOMAIN_ID": "Drug",
            "STANDARD_CONCEPT_CAPTION": "Standard",
            "CONCEPT_CLASS_ID": "Branded Drug",
            "INVALID_REASON": "V"
          },
          "includeMapped": false,
          "includeDescendants": false
        },
        {
          "isExcluded": false,
          "concept": {
            "INVALID_REASON_CAPTION": "Valid",
            "CONCEPT_ID": 40173609,
            "STANDARD_CONCEPT": "S",
            "CONCEPT_CODE": "904462",
            "VOCABULARY_ID": "RxNorm",
            "CONCEPT_NAME": "alendronic acid 70 MG / cholecalciferol 5600 UNT Oral Tablet",
            "DOMAIN_ID": "Drug",
            "STANDARD_CONCEPT_CAPTION": "Standard",
            "CONCEPT_CLASS_ID": "Clinical Drug",
            "INVALID_REASON": "V"
          },
          "includeMapped": false,
          "includeDescendants": false
        },
        {
          "isExcluded": false,
          "concept": {
            "INVALID_REASON_CAPTION": "Valid",
            "CONCEPT_ID": 40173612,
            "STANDARD_CONCEPT": "S",
            "CONCEPT_CODE": "904431",
            "VOCABULARY_ID": "RxNorm",
            "CONCEPT_NAME": "alendronic acid 70 MG Oral Tablet",
            "DOMAIN_ID": "Drug",
            "STANDARD_CONCEPT_CAPTION": "Standard",
            "CONCEPT_CLASS_ID": "Clinical Drug",
            "INVALID_REASON": "V"
          },
          "includeMapped": false,
          "includeDescendants": false
        },
        {
          "isExcluded": false,
          "concept": {
            "INVALID_REASON_CAPTION": "Valid",
            "CONCEPT_ID": 40173613,
            "STANDARD_CONCEPT": "S",
            "CONCEPT_CODE": "904433",
            "VOCABULARY_ID": "RxNorm",
            "CONCEPT_NAME": "alendronic acid 70 MG Oral Tablet [Fosamax]",
            "DOMAIN_ID": "Drug",
            "STANDARD_CONCEPT_CAPTION": "Standard",
            "CONCEPT_CLASS_ID": "Branded Drug",
            "INVALID_REASON": "V"
          },
          "includeMapped": false,
          "includeDescendants": false
        },
        {
          "isExcluded": false,
          "concept": {
            "INVALID_REASON_CAPTION": "Valid",
            "CONCEPT_ID": 42971533,
            "STANDARD_CONCEPT": "S",
            "CONCEPT_CODE": "OMOP4697949",
            "VOCABULARY_ID": "RxNorm Extension",
            "CONCEPT_NAME": "Cholecalciferol 5600 UNT / Risedronate 35 MG Oral Tablet",
            "DOMAIN_ID": "Drug",
            "STANDARD_CONCEPT_CAPTION": "Standard",
            "CONCEPT_CLASS_ID": "Clinical Drug",
            "INVALID_REASON": "V"
          },
          "includeMapped": false,
          "includeDescendants": false
        },
        {
          "isExcluded": false,
          "concept": {
            "INVALID_REASON_CAPTION": "Valid",
            "CONCEPT_ID": 42971564,
            "STANDARD_CONCEPT": "S",
            "CONCEPT_CODE": "OMOP4697980",
            "VOCABULARY_ID": "RxNorm Extension",
            "CONCEPT_NAME": "Cholecalciferol 5600 UNT / Risedronate 35 MG Oral Tablet [RIDRONE PLUS]",
            "DOMAIN_ID": "Drug",
            "STANDARD_CONCEPT_CAPTION": "Standard",
            "CONCEPT_CLASS_ID": "Branded Drug",
            "INVALID_REASON": "V"
          },
          "includeMapped": false,
          "includeDescendants": false
        },
        {
          "isExcluded": false,
          "concept": {
            "INVALID_REASON_CAPTION": "Valid",
            "CONCEPT_ID": 42971566,
            "STANDARD_CONCEPT": "S",
            "CONCEPT_CODE": "OMOP4697982",
            "VOCABULARY_ID": "RxNorm Extension",
            "CONCEPT_NAME": "Cholecalciferol 5600 UNT / Risedronate 35 MG Oral Tablet [RISENEX PLUS]",
            "DOMAIN_ID": "Drug",
            "STANDARD_CONCEPT_CAPTION": "Standard",
            "CONCEPT_CLASS_ID": "Branded Drug",
            "INVALID_REASON": "V"
          },
          "includeMapped": false,
          "includeDescendants": false
        },
        {
          "isExcluded": false,
          "concept": {
            "INVALID_REASON_CAPTION": "Valid",
            "CONCEPT_ID": 42943685,
            "STANDARD_CONCEPT": "S",
            "CONCEPT_CODE": "OMOP4670312",
            "VOCABULARY_ID": "RxNorm Extension",
            "CONCEPT_NAME": "Risedronate 35 MG Extended Release Oral Tablet",
            "DOMAIN_ID": "Drug",
            "STANDARD_CONCEPT_CAPTION": "Standard",
            "CONCEPT_CLASS_ID": "Clinical Drug",
            "INVALID_REASON": "V"
          },
          "includeMapped": false,
          "includeDescendants": false
        },
        {
          "isExcluded": false,
          "concept": {
            "INVALID_REASON_CAPTION": "Valid",
            "CONCEPT_ID": 42943686,
            "STANDARD_CONCEPT": "S",
            "CONCEPT_CODE": "OMOP4670313",
            "VOCABULARY_ID": "RxNorm Extension",
            "CONCEPT_NAME": "Risedronate 35 MG Extended Release Oral Tablet [ACTONEL EC]",
            "DOMAIN_ID": "Drug",
            "STANDARD_CONCEPT_CAPTION": "Standard",
            "CONCEPT_CLASS_ID": "Branded Drug",
            "INVALID_REASON": "V"
          },
          "includeMapped": false,
          "includeDescendants": false
        },
        {
          "isExcluded": false,
          "concept": {
            "INVALID_REASON_CAPTION": "Valid",
            "CONCEPT_ID": 42943638,
            "STANDARD_CONCEPT": "S",
            "CONCEPT_CODE": "OMOP4670265",
            "VOCABULARY_ID": "RxNorm Extension",
            "CONCEPT_NAME": "Risedronate 35 MG Oral Tablet [RICHBONE]",
            "DOMAIN_ID": "Drug",
            "STANDARD_CONCEPT_CAPTION": "Standard",
            "CONCEPT_CLASS_ID": "Branded Drug",
            "INVALID_REASON": "V"
          },
          "includeMapped": false,
          "includeDescendants": false
        },
        {
          "isExcluded": false,
          "concept": {
            "INVALID_REASON_CAPTION": "Valid",
            "CONCEPT_ID": 40228826,
            "STANDARD_CONCEPT": "S",
            "CONCEPT_CODE": "1020064",
            "VOCABULARY_ID": "RxNorm",
            "CONCEPT_NAME": "risedronate sodium 35 MG Delayed Release Oral Tablet",
            "DOMAIN_ID": "Drug",
            "STANDARD_CONCEPT_CAPTION": "Standard",
            "CONCEPT_CLASS_ID": "Clinical Drug",
            "INVALID_REASON": "V"
          },
          "includeMapped": false,
          "includeDescendants": false
        },
        {
          "isExcluded": false,
          "concept": {
            "INVALID_REASON_CAPTION": "Valid",
            "CONCEPT_ID": 40174494,
            "STANDARD_CONCEPT": "S",
            "CONCEPT_CODE": "905024",
            "VOCABULARY_ID": "RxNorm",
            "CONCEPT_NAME": "risedronate sodium 35 MG Oral Tablet",
            "DOMAIN_ID": "Drug",
            "STANDARD_CONCEPT_CAPTION": "Standard",
            "CONCEPT_CLASS_ID": "Clinical Drug",
            "INVALID_REASON": "V"
          },
          "includeMapped": false,
          "includeDescendants": false
        },
        {
          "isExcluded": false,
          "concept": {
            "INVALID_REASON_CAPTION": "Valid",
            "CONCEPT_ID": 40174495,
            "STANDARD_CONCEPT": "S",
            "CONCEPT_CODE": "905026",
            "VOCABULARY_ID": "RxNorm",
            "CONCEPT_NAME": "risedronate sodium 35 MG Oral Tablet [Actonel]",
            "DOMAIN_ID": "Drug",
            "STANDARD_CONCEPT_CAPTION": "Standard",
            "CONCEPT_CLASS_ID": "Branded Drug",
            "INVALID_REASON": "V"
          },
          "includeMapped": false,
          "includeDescendants": false
        }
      ]},
      "name": "[BDJ]PO_BPs_1w",
      "id": 20
    },
    {
      "expression": {"items": [
        {
          "isExcluded": false,
          "concept": {
            "INVALID_REASON_CAPTION": "Valid",
            "CONCEPT_ID": 42958475,
            "STANDARD_CONCEPT": "S",
            "CONCEPT_CODE": "OMOP4684987",
            "VOCABULARY_ID": "RxNorm Extension",
            "CONCEPT_NAME": "Alendronate 5 MG / Calcitriol 0.0005 MG Extended Release Oral Tablet",
            "DOMAIN_ID": "Drug",
            "STANDARD_CONCEPT_CAPTION": "Standard",
            "CONCEPT_CLASS_ID": "Clinical Drug",
            "INVALID_REASON": "V"
          },
          "includeMapped": false,
          "includeDescendants": false
        },
        {
          "isExcluded": false,
          "concept": {
            "INVALID_REASON_CAPTION": "Valid",
            "CONCEPT_ID": 42958476,
            "STANDARD_CONCEPT": "S",
            "CONCEPT_CODE": "OMOP4684988",
            "VOCABULARY_ID": "RxNorm Extension",
            "CONCEPT_NAME": "Alendronate 5 MG / Calcitriol 0.0005 MG Extended Release Oral Tablet [MAXMARVIL]",
            "DOMAIN_ID": "Drug",
            "STANDARD_CONCEPT_CAPTION": "Standard",
            "CONCEPT_CLASS_ID": "Branded Drug",
            "INVALID_REASON": "V"
          },
          "includeMapped": false,
          "includeDescendants": false
        },
        {
          "isExcluded": false,
          "concept": {
            "INVALID_REASON_CAPTION": "Valid",
            "CONCEPT_ID": 44033466,
            "STANDARD_CONCEPT": "S",
            "CONCEPT_CODE": "OMOP1028097",
            "VOCABULARY_ID": "RxNorm Extension",
            "CONCEPT_NAME": "Alendronate 70 MG / vitamin D3 2800 UNT Oral Tablet",
            "DOMAIN_ID": "Drug",
            "STANDARD_CONCEPT_CAPTION": "Standard",
            "CONCEPT_CLASS_ID": "Clinical Drug",
            "INVALID_REASON": "V"
          },
          "includeMapped": false,
          "includeDescendants": false
        },
        {
          "isExcluded": false,
          "concept": {
            "INVALID_REASON_CAPTION": "Valid",
            "CONCEPT_ID": 42952382,
            "STANDARD_CONCEPT": "S",
            "CONCEPT_CODE": "OMOP4678941",
            "VOCABULARY_ID": "RxNorm Extension",
            "CONCEPT_NAME": "Alendronate 70 MG / vitamin D3 2800 UNT Oral Tablet [FOSAMAX PLUS]",
            "DOMAIN_ID": "Drug",
            "STANDARD_CONCEPT_CAPTION": "Standard",
            "CONCEPT_CLASS_ID": "Branded Drug",
            "INVALID_REASON": "V"
          },
          "includeMapped": false,
          "includeDescendants": false
        },
        {
          "isExcluded": false,
          "concept": {
            "INVALID_REASON_CAPTION": "Valid",
            "CONCEPT_ID": 44033467,
            "STANDARD_CONCEPT": "S",
            "CONCEPT_CODE": "OMOP1028098",
            "VOCABULARY_ID": "RxNorm Extension",
            "CONCEPT_NAME": "Alendronate 70 MG / vitamin D3 5600 UNT Oral Tablet",
            "DOMAIN_ID": "Drug",
            "STANDARD_CONCEPT_CAPTION": "Standard",
            "CONCEPT_CLASS_ID": "Clinical Drug",
            "INVALID_REASON": "V"
          },
          "includeMapped": false,
          "includeDescendants": false
        },
        {
          "isExcluded": false,
          "concept": {
            "INVALID_REASON_CAPTION": "Valid",
            "CONCEPT_ID": 42952318,
            "STANDARD_CONCEPT": "S",
            "CONCEPT_CODE": "OMOP4678878",
            "VOCABULARY_ID": "RxNorm Extension",
            "CONCEPT_NAME": "Alendronate 70 MG / vitamin D3 5600 UNT Oral Tablet [Fosamax Plus D]",
            "DOMAIN_ID": "Drug",
            "STANDARD_CONCEPT_CAPTION": "Standard",
            "CONCEPT_CLASS_ID": "Branded Drug",
            "INVALID_REASON": "V"
          },
          "includeMapped": false,
          "includeDescendants": false
        },
        {
          "isExcluded": false,
          "concept": {
            "INVALID_REASON_CAPTION": "Valid",
            "CONCEPT_ID": 42952430,
            "STANDARD_CONCEPT": "S",
            "CONCEPT_CODE": "OMOP4678989",
            "VOCABULARY_ID": "RxNorm Extension",
            "CONCEPT_NAME": "Alendronate 70 MG Oral Tablet [ALENMAX]",
            "DOMAIN_ID": "Drug",
            "STANDARD_CONCEPT_CAPTION": "Standard",
            "CONCEPT_CLASS_ID": "Branded Drug",
            "INVALID_REASON": "V"
          },
          "includeMapped": false,
          "includeDescendants": false
        },
        {
          "isExcluded": false,
          "concept": {
            "INVALID_REASON_CAPTION": "Valid",
            "CONCEPT_ID": 40173590,
            "STANDARD_CONCEPT": "S",
            "CONCEPT_CODE": "904419",
            "VOCABULARY_ID": "RxNorm",
            "CONCEPT_NAME": "alendronic acid 10 MG Oral Tablet",
            "DOMAIN_ID": "Drug",
            "STANDARD_CONCEPT_CAPTION": "Standard",
            "CONCEPT_CLASS_ID": "Clinical Drug",
            "INVALID_REASON": "V"
          },
          "includeMapped": false,
          "includeDescendants": false
        },
        {
          "isExcluded": false,
          "concept": {
            "INVALID_REASON_CAPTION": "Valid",
            "CONCEPT_ID": 40173591,
            "STANDARD_CONCEPT": "S",
            "CONCEPT_CODE": "904421",
            "VOCABULARY_ID": "RxNorm",
            "CONCEPT_NAME": "alendronic acid 10 MG Oral Tablet [Fosamax]",
            "DOMAIN_ID": "Drug",
            "STANDARD_CONCEPT_CAPTION": "Standard",
            "CONCEPT_CLASS_ID": "Branded Drug",
            "INVALID_REASON": "V"
          },
          "includeMapped": false,
          "includeDescendants": false
        },
        {
          "isExcluded": false,
          "concept": {
            "INVALID_REASON_CAPTION": "Valid",
            "CONCEPT_ID": 40173602,
            "STANDARD_CONCEPT": "S",
            "CONCEPT_CODE": "904425",
            "VOCABULARY_ID": "RxNorm",
            "CONCEPT_NAME": "alendronic acid 5 MG Oral Tablet",
            "DOMAIN_ID": "Drug",
            "STANDARD_CONCEPT_CAPTION": "Standard",
            "CONCEPT_CLASS_ID": "Clinical Drug",
            "INVALID_REASON": "V"
          },
          "includeMapped": false,
          "includeDescendants": false
        },
        {
          "isExcluded": false,
          "concept": {
            "INVALID_REASON_CAPTION": "Valid",
            "CONCEPT_ID": 40173609,
            "STANDARD_CONCEPT": "S",
            "CONCEPT_CODE": "904462",
            "VOCABULARY_ID": "RxNorm",
            "CONCEPT_NAME": "alendronic acid 70 MG / cholecalciferol 5600 UNT Oral Tablet",
            "DOMAIN_ID": "Drug",
            "STANDARD_CONCEPT_CAPTION": "Standard",
            "CONCEPT_CLASS_ID": "Clinical Drug",
            "INVALID_REASON": "V"
          },
          "includeMapped": false,
          "includeDescendants": false
        },
        {
          "isExcluded": false,
          "concept": {
            "INVALID_REASON_CAPTION": "Valid",
            "CONCEPT_ID": 40173612,
            "STANDARD_CONCEPT": "S",
            "CONCEPT_CODE": "904431",
            "VOCABULARY_ID": "RxNorm",
            "CONCEPT_NAME": "alendronic acid 70 MG Oral Tablet",
            "DOMAIN_ID": "Drug",
            "STANDARD_CONCEPT_CAPTION": "Standard",
            "CONCEPT_CLASS_ID": "Clinical Drug",
            "INVALID_REASON": "V"
          },
          "includeMapped": false,
          "includeDescendants": false
        },
        {
          "isExcluded": false,
          "concept": {
            "INVALID_REASON_CAPTION": "Valid",
            "CONCEPT_ID": 40173613,
            "STANDARD_CONCEPT": "S",
            "CONCEPT_CODE": "904433",
            "VOCABULARY_ID": "RxNorm",
            "CONCEPT_NAME": "alendronic acid 70 MG Oral Tablet [Fosamax]",
            "DOMAIN_ID": "Drug",
            "STANDARD_CONCEPT_CAPTION": "Standard",
            "CONCEPT_CLASS_ID": "Branded Drug",
            "INVALID_REASON": "V"
          },
          "includeMapped": false,
          "includeDescendants": false
        },
        {
          "isExcluded": false,
          "concept": {
            "INVALID_REASON_CAPTION": "Valid",
            "CONCEPT_ID": 2056263,
            "STANDARD_CONCEPT": "S",
            "CONCEPT_CODE": "OMOP4957106",
            "VOCABULARY_ID": "RxNorm Extension",
            "CONCEPT_NAME": "cholecalciferol 24000 IU / ibandronate 150 MG Oral Tablet",
            "DOMAIN_ID": "Drug",
            "STANDARD_CONCEPT_CAPTION": "Standard",
            "CONCEPT_CLASS_ID": "Clinical Drug",
            "INVALID_REASON": "V"
          },
          "includeMapped": false,
          "includeDescendants": false
        },
        {
          "isExcluded": false,
          "concept": {
            "INVALID_REASON_CAPTION": "Valid",
            "CONCEPT_ID": 42971440,
            "STANDARD_CONCEPT": "S",
            "CONCEPT_CODE": "OMOP4697857",
            "VOCABULARY_ID": "RxNorm Extension",
            "CONCEPT_NAME": "Cholecalciferol 25000 UNT / Ibandronate 150 MG Oral Tablet",
            "DOMAIN_ID": "Drug",
            "STANDARD_CONCEPT_CAPTION": "Standard",
            "CONCEPT_CLASS_ID": "Clinical Drug",
            "INVALID_REASON": "V"
          },
          "includeMapped": false,
          "includeDescendants": false
        },
        {
          "isExcluded": false,
          "concept": {
            "INVALID_REASON_CAPTION": "Valid",
            "CONCEPT_ID": 42971441,
            "STANDARD_CONCEPT": "S",
            "CONCEPT_CODE": "OMOP4697858",
            "VOCABULARY_ID": "RxNorm Extension",
            "CONCEPT_NAME": "Cholecalciferol 25000 UNT / Ibandronate 150 MG Oral Tablet [BONVIVA PLUS]",
            "DOMAIN_ID": "Drug",
            "STANDARD_CONCEPT_CAPTION": "Standard",
            "CONCEPT_CLASS_ID": "Branded Drug",
            "INVALID_REASON": "V"
          },
          "includeMapped": false,
          "includeDescendants": false
        },
        {
          "isExcluded": false,
          "concept": {
            "INVALID_REASON_CAPTION": "Valid",
            "CONCEPT_ID": 42971625,
            "STANDARD_CONCEPT": "S",
            "CONCEPT_CODE": "OMOP4698038",
            "VOCABULARY_ID": "RxNorm Extension",
            "CONCEPT_NAME": "Cholecalciferol 30000 UNT / Risedronate 150 MG Oral Tablet",
            "DOMAIN_ID": "Drug",
            "STANDARD_CONCEPT_CAPTION": "Standard",
            "CONCEPT_CLASS_ID": "Clinical Drug",
            "INVALID_REASON": "V"
          },
          "includeMapped": false,
          "includeDescendants": false
        },
        {
          "isExcluded": false,
          "concept": {
            "INVALID_REASON_CAPTION": "Valid",
            "CONCEPT_ID": 42971627,
            "STANDARD_CONCEPT": "S",
            "CONCEPT_CODE": "OMOP4698040",
            "VOCABULARY_ID": "RxNorm Extension",
            "CONCEPT_NAME": "Cholecalciferol 30000 UNT / Risedronate 150 MG Oral Tablet [RISENEX M]",
            "DOMAIN_ID": "Drug",
            "STANDARD_CONCEPT_CAPTION": "Standard",
            "CONCEPT_CLASS_ID": "Branded Drug",
            "INVALID_REASON": "V"
          },
          "includeMapped": false,
          "includeDescendants": false
        },
        {
          "isExcluded": false,
          "concept": {
            "INVALID_REASON_CAPTION": "Valid",
            "CONCEPT_ID": 42971533,
            "STANDARD_CONCEPT": "S",
            "CONCEPT_CODE": "OMOP4697949",
            "VOCABULARY_ID": "RxNorm Extension",
            "CONCEPT_NAME": "Cholecalciferol 5600 UNT / Risedronate 35 MG Oral Tablet",
            "DOMAIN_ID": "Drug",
            "STANDARD_CONCEPT_CAPTION": "Standard",
            "CONCEPT_CLASS_ID": "Clinical Drug",
            "INVALID_REASON": "V"
          },
          "includeMapped": false,
          "includeDescendants": false
        },
        {
          "isExcluded": false,
          "concept": {
            "INVALID_REASON_CAPTION": "Valid",
            "CONCEPT_ID": 42971564,
            "STANDARD_CONCEPT": "S",
            "CONCEPT_CODE": "OMOP4697980",
            "VOCABULARY_ID": "RxNorm Extension",
            "CONCEPT_NAME": "Cholecalciferol 5600 UNT / Risedronate 35 MG Oral Tablet [RIDRONE PLUS]",
            "DOMAIN_ID": "Drug",
            "STANDARD_CONCEPT_CAPTION": "Standard",
            "CONCEPT_CLASS_ID": "Branded Drug",
            "INVALID_REASON": "V"
          },
          "includeMapped": false,
          "includeDescendants": false
        },
        {
          "isExcluded": false,
          "concept": {
            "INVALID_REASON_CAPTION": "Valid",
            "CONCEPT_ID": 42971566,
            "STANDARD_CONCEPT": "S",
            "CONCEPT_CODE": "OMOP4697982",
            "VOCABULARY_ID": "RxNorm Extension",
            "CONCEPT_NAME": "Cholecalciferol 5600 UNT / Risedronate 35 MG Oral Tablet [RISENEX PLUS]",
            "DOMAIN_ID": "Drug",
            "STANDARD_CONCEPT_CAPTION": "Standard",
            "CONCEPT_CLASS_ID": "Branded Drug",
            "INVALID_REASON": "V"
          },
          "includeMapped": false,
          "includeDescendants": false
        },
        {
          "isExcluded": false,
          "concept": {
            "INVALID_REASON_CAPTION": "Valid",
            "CONCEPT_ID": 21154250,
            "STANDARD_CONCEPT": "S",
            "CONCEPT_CODE": "OMOP261468",
            "VOCABULARY_ID": "RxNorm Extension",
            "CONCEPT_NAME": "Ibandronate 150 MG Oral Tablet [Bonviva]",
            "DOMAIN_ID": "Drug",
            "STANDARD_CONCEPT_CAPTION": "Standard",
            "CONCEPT_CLASS_ID": "Branded Drug",
            "INVALID_REASON": "V"
          },
          "includeMapped": false,
          "includeDescendants": false
        },
        {
          "isExcluded": false,
          "concept": {
            "INVALID_REASON_CAPTION": "Valid",
            "CONCEPT_ID": 40174364,
            "STANDARD_CONCEPT": "S",
            "CONCEPT_CODE": "904932",
            "VOCABULARY_ID": "RxNorm",
            "CONCEPT_NAME": "ibandronic acid 150 MG Oral Tablet",
            "DOMAIN_ID": "Drug",
            "STANDARD_CONCEPT_CAPTION": "Standard",
            "CONCEPT_CLASS_ID": "Clinical Drug",
            "INVALID_REASON": "V"
          },
          "includeMapped": false,
          "includeDescendants": false
        },
        {
          "isExcluded": false,
          "concept": {
            "INVALID_REASON_CAPTION": "Valid",
            "CONCEPT_ID": 42943771,
            "STANDARD_CONCEPT": "S",
            "CONCEPT_CODE": "OMOP4670399",
            "VOCABULARY_ID": "RxNorm Extension",
            "CONCEPT_NAME": "Risedronate 150 MG Oral Tablet [RISNEL]",
            "DOMAIN_ID": "Drug",
            "STANDARD_CONCEPT_CAPTION": "Standard",
            "CONCEPT_CLASS_ID": "Branded Drug",
            "INVALID_REASON": "V"
          },
          "includeMapped": false,
          "includeDescendants": false
        },
        {
          "isExcluded": false,
          "concept": {
            "INVALID_REASON_CAPTION": "Valid",
            "CONCEPT_ID": 42943685,
            "STANDARD_CONCEPT": "S",
            "CONCEPT_CODE": "OMOP4670312",
            "VOCABULARY_ID": "RxNorm Extension",
            "CONCEPT_NAME": "Risedronate 35 MG Extended Release Oral Tablet",
            "DOMAIN_ID": "Drug",
            "STANDARD_CONCEPT_CAPTION": "Standard",
            "CONCEPT_CLASS_ID": "Clinical Drug",
            "INVALID_REASON": "V"
          },
          "includeMapped": false,
          "includeDescendants": false
        },
        {
          "isExcluded": false,
          "concept": {
            "INVALID_REASON_CAPTION": "Valid",
            "CONCEPT_ID": 42943686,
            "STANDARD_CONCEPT": "S",
            "CONCEPT_CODE": "OMOP4670313",
            "VOCABULARY_ID": "RxNorm Extension",
            "CONCEPT_NAME": "Risedronate 35 MG Extended Release Oral Tablet [ACTONEL EC]",
            "DOMAIN_ID": "Drug",
            "STANDARD_CONCEPT_CAPTION": "Standard",
            "CONCEPT_CLASS_ID": "Branded Drug",
            "INVALID_REASON": "V"
          },
          "includeMapped": false,
          "includeDescendants": false
        },
        {
          "isExcluded": false,
          "concept": {
            "INVALID_REASON_CAPTION": "Valid",
            "CONCEPT_ID": 42943638,
            "STANDARD_CONCEPT": "S",
            "CONCEPT_CODE": "OMOP4670265",
            "VOCABULARY_ID": "RxNorm Extension",
            "CONCEPT_NAME": "Risedronate 35 MG Oral Tablet [RICHBONE]",
            "DOMAIN_ID": "Drug",
            "STANDARD_CONCEPT_CAPTION": "Standard",
            "CONCEPT_CLASS_ID": "Branded Drug",
            "INVALID_REASON": "V"
          },
          "includeMapped": false,
          "includeDescendants": false
        },
        {
          "isExcluded": false,
          "concept": {
            "INVALID_REASON_CAPTION": "Valid",
            "CONCEPT_ID": 40174486,
            "STANDARD_CONCEPT": "S",
            "CONCEPT_CODE": "905028",
            "VOCABULARY_ID": "RxNorm",
            "CONCEPT_NAME": "risedronate sodium 150 MG Oral Tablet",
            "DOMAIN_ID": "Drug",
            "STANDARD_CONCEPT_CAPTION": "Standard",
            "CONCEPT_CLASS_ID": "Clinical Drug",
            "INVALID_REASON": "V"
          },
          "includeMapped": false,
          "includeDescendants": false
        },
        {
          "isExcluded": false,
          "concept": {
            "INVALID_REASON_CAPTION": "Valid",
            "CONCEPT_ID": 40174487,
            "STANDARD_CONCEPT": "S",
            "CONCEPT_CODE": "905030",
            "VOCABULARY_ID": "RxNorm",
            "CONCEPT_NAME": "risedronate sodium 150 MG Oral Tablet [Actonel]",
            "DOMAIN_ID": "Drug",
            "STANDARD_CONCEPT_CAPTION": "Standard",
            "CONCEPT_CLASS_ID": "Branded Drug",
            "INVALID_REASON": "V"
          },
          "includeMapped": false,
          "includeDescendants": false
        },
        {
          "isExcluded": false,
          "concept": {
            "INVALID_REASON_CAPTION": "Valid",
            "CONCEPT_ID": 40228826,
            "STANDARD_CONCEPT": "S",
            "CONCEPT_CODE": "1020064",
            "VOCABULARY_ID": "RxNorm",
            "CONCEPT_NAME": "risedronate sodium 35 MG Delayed Release Oral Tablet",
            "DOMAIN_ID": "Drug",
            "STANDARD_CONCEPT_CAPTION": "Standard",
            "CONCEPT_CLASS_ID": "Clinical Drug",
            "INVALID_REASON": "V"
          },
          "includeMapped": false,
          "includeDescendants": false
        },
        {
          "isExcluded": false,
          "concept": {
            "INVALID_REASON_CAPTION": "Valid",
            "CONCEPT_ID": 40174494,
            "STANDARD_CONCEPT": "S",
            "CONCEPT_CODE": "905024",
            "VOCABULARY_ID": "RxNorm",
            "CONCEPT_NAME": "risedronate sodium 35 MG Oral Tablet",
            "DOMAIN_ID": "Drug",
            "STANDARD_CONCEPT_CAPTION": "Standard",
            "CONCEPT_CLASS_ID": "Clinical Drug",
            "INVALID_REASON": "V"
          },
          "includeMapped": false,
          "includeDescendants": false
        },
        {
          "isExcluded": false,
          "concept": {
            "INVALID_REASON_CAPTION": "Valid",
            "CONCEPT_ID": 40174495,
            "STANDARD_CONCEPT": "S",
            "CONCEPT_CODE": "905026",
            "VOCABULARY_ID": "RxNorm",
            "CONCEPT_NAME": "risedronate sodium 35 MG Oral Tablet [Actonel]",
            "DOMAIN_ID": "Drug",
            "STANDARD_CONCEPT_CAPTION": "Standard",
            "CONCEPT_CLASS_ID": "Branded Drug",
            "INVALID_REASON": "V"
          },
          "includeMapped": false,
          "includeDescendants": false
        },
        {
          "isExcluded": false,
          "concept": {
            "INVALID_REASON_CAPTION": "Valid",
            "CONCEPT_ID": 40174498,
            "STANDARD_CONCEPT": "S",
            "CONCEPT_CODE": "905041",
            "VOCABULARY_ID": "RxNorm",
            "CONCEPT_NAME": "risedronate sodium 5 MG Oral Tablet",
            "DOMAIN_ID": "Drug",
            "STANDARD_CONCEPT_CAPTION": "Standard",
            "CONCEPT_CLASS_ID": "Clinical Drug",
            "INVALID_REASON": "V"
          },
          "includeMapped": false,
          "includeDescendants": false
        },
        {
          "isExcluded": false,
          "concept": {
            "INVALID_REASON_CAPTION": "Valid",
            "CONCEPT_ID": 40174499,
            "STANDARD_CONCEPT": "S",
            "CONCEPT_CODE": "905043",
            "VOCABULARY_ID": "RxNorm",
            "CONCEPT_NAME": "risedronate sodium 5 MG Oral Tablet [Actonel]",
            "DOMAIN_ID": "Drug",
            "STANDARD_CONCEPT_CAPTION": "Standard",
            "CONCEPT_CLASS_ID": "Branded Drug",
            "INVALID_REASON": "V"
          },
          "includeMapped": false,
          "includeDescendants": false
        }
      ]},
      "name": "[BDJ]PO_BP_ALL",
      "id": 21
    }
  ],
  "EndStrategy": {"CustomEra": {
    "DrugCodesetId": 21,
    "DaysSupplyOverride": null,
    "GapDays": 180,
    "Offset": 0
  }},
  "cdmVersionRange": ">=5.0.0",
  "CensoringCriteria": [],
  "QualifiedLimit": {"Type": "First"},
  "InclusionRules": [{
    "expression": {
      "CriteriaList": [{
        "RestrictVisit": false,
        "StartWindow": {
          "UseEventEnd": false,
          "Start": {
            "Days": null,
            "Coeff": -1
          },
          "End": {
            "Days": 0,
            "Coeff": -1
          },
          "UseIndexEnd": false
        },
        "IgnoreObservationPeriod": false,
        "EndWindow": null,
        "Criteria": {"ConditionOccurrence": {
          "OccurrenceEndDate": null,
          "CorrelatedCriteria": null,
          "ConditionTypeExclude": false,
          "CodesetId": 16,
          "ProviderSpecialty": null,
          "Gender": null,
          "VisitType": null,
          "First": null,
          "OccurrenceStartDate": null,
          "ConditionType": null,
          "ConditionSourceConcept": null,
          "ConditionStatus": null,
          "StopReason": null,
          "Age": null
        }},
        "Occurrence": {
          "Type": 2,
          "CountColumn": null,
          "IsDistinct": false,
          "Count": 1
        }
      }],
      "Type": "ALL",
      "DemographicCriteriaList": [],
      "Groups": [],
      "Count": null
    },
    "name": "has a history of osteoporosis",
    "description": null
  }],
  "PrimaryCriteria": {
    "CriteriaList": [
      {"DrugExposure": {
        "OccurrenceEndDate": null,
        "CorrelatedCriteria": null,
        "DrugSourceConcept": null,
        "CodesetId": 18,
        "DrugTypeExclude": false,
        "Quantity": null,
        "DrugType": null,
        "ProviderSpecialty": null,
        "EffectiveDrugDose": null,
        "Gender": null,
        "DaysSupply": {
          "Op": "gte",
          "Extent": null,
          "Value": 1
        },
        "DoseUnit": null,
        "VisitType": null,
        "Refills": null,
        "First": null,
        "OccurrenceStartDate": null,
        "RouteConcept": null,
        "StopReason": null,
        "LotNumber": null,
        "Age": null
      }},
      {"DrugExposure": {
        "OccurrenceEndDate": null,
        "CorrelatedCriteria": null,
        "DrugSourceConcept": null,
        "CodesetId": 20,
        "DrugTypeExclude": false,
        "Quantity": null,
        "DrugType": null,
        "ProviderSpecialty": null,
        "EffectiveDrugDose": null,
        "Gender": null,
        "DaysSupply": {
          "Op": "gte",
          "Extent": null,
          "Value": 4
        },
        "DoseUnit": null,
        "VisitType": null,
        "Refills": null,
        "First": null,
        "OccurrenceStartDate": null,
        "RouteConcept": null,
        "StopReason": null,
        "LotNumber": null,
        "Age": null
      }},
      {"DrugExposure": {
        "OccurrenceEndDate": null,
        "CorrelatedCriteria": null,
        "DrugSourceConcept": null,
        "CodesetId": 17,
        "DrugTypeExclude": false,
        "Quantity": null,
        "DrugType": null,
        "ProviderSpecialty": null,
        "EffectiveDrugDose": null,
        "Gender": null,
        "DaysSupply": {
          "Op": "gte",
          "Extent": null,
          "Value": 28
        },
        "DoseUnit": null,
        "VisitType": null,
        "Refills": null,
        "First": null,
        "OccurrenceStartDate": null,
        "RouteConcept": null,
        "StopReason": null,
        "LotNumber": null,
        "Age": null
      }}
    ],
    "PrimaryCriteriaLimit": {"Type": "All"},
    "ObservationWindow": {
      "PostDays": 0,
      "PriorDays": 0
    }
  }
}