{
  "ExpressionLimit": {"Type": "All"},
  "CollapseSettings": {
    "CollapseType": "ERA",
    "EraPad": 0
  },
  "CensorWindow": {
    "StartDate": null,
    "EndDate": null
  },
  "ConceptSets": [{
    "expression": {"items": [
      {
        "isExcluded": false,
        "concept": {
          "INVALID_REASON_CAPTION": "Valid",
          "CONCEPT_ID": 4307254,
          "STANDARD_CONCEPT": "S",
          "CONCEPT_CODE": "423125000",
          "VOCABULARY_ID": "SNOMED",
          "CONCEPT_NAME": "Closed fracture",
          "DOMAIN_ID": "Condition",
          "STANDARD_CONCEPT_CAPTION": "Standard",
          "CONCEPT_CLASS_ID": "Clinical Finding",
          "INVALID_REASON": "V"
        },
        "includeMapped": false,
        "includeDescendants": true
      },
      {
        "isExcluded": false,
        "concept": {
          "INVALID_REASON_CAPTION": "Valid",
          "CONCEPT_ID": 4222001,
          "STANDARD_CONCEPT": "S",
          "CONCEPT_CODE": "84138006",
          "VOCABULARY_ID": "SNOMED",
          "CONCEPT_NAME": "Collapse of vertebra",
          "DOMAIN_ID": "Condition",
          "STANDARD_CONCEPT_CAPTION": "Standard",
          "CONCEPT_CLASS_ID": "Clinical Finding",
          "INVALID_REASON": "V"
        },
        "includeMapped": false,
        "includeDescendants": true
      },
      {
        "isExcluded": true,
        "concept": {
          "INVALID_REASON_CAPTION": "Valid",
          "CONCEPT_ID": 441406,
          "STANDARD_CONCEPT": "S",
          "CONCEPT_CODE": "414025005",
          "VOCABULARY_ID": "SNOMED",
          "CONCEPT_NAME": "Disorder of fetus or newborn",
          "DOMAIN_ID": "Condition",
          "STANDARD_CONCEPT_CAPTION": "Standard",
          "CONCEPT_CLASS_ID": "Clinical Finding",
          "INVALID_REASON": "V"
        },
        "includeMapped": false,
        "includeDescendants": true
      },
      {
        "isExcluded": true,
        "concept": {
          "INVALID_REASON_CAPTION": "Valid",
          "CONCEPT_ID": 4154098,
          "STANDARD_CONCEPT": "S",
          "CONCEPT_CODE": "315643003",
          "VOCABULARY_ID": "SNOMED",
          "CONCEPT_NAME": "Dupuytren's fracture dislocation ankle",
          "DOMAIN_ID": "Condition",
          "STANDARD_CONCEPT_CAPTION": "Standard",
          "CONCEPT_CLASS_ID": "Clinical Finding",
          "INVALID_REASON": "V"
        },
        "includeMapped": false,
        "includeDescendants": true
      },
      {
        "isExcluded": false,
        "concept": {
          "INVALID_REASON_CAPTION": "Valid",
          "CONCEPT_ID": 4001458,
          "STANDARD_CONCEPT": "S",
          "CONCEPT_CODE": "202831001",
          "VOCABULARY_ID": "SNOMED",
          "CONCEPT_NAME": "Fatigue fracture of vertebra",
          "DOMAIN_ID": "Condition",
          "STANDARD_CONCEPT_CAPTION": "Standard",
          "CONCEPT_CLASS_ID": "Clinical Finding",
          "INVALID_REASON": "V"
        },
        "includeMapped": false,
        "includeDescendants": true
      },
      {
        "isExcluded": true,
        "concept": {
          "INVALID_REASON_CAPTION": "Valid",
          "CONCEPT_ID": 4015350,
          "STANDARD_CONCEPT": "S",
          "CONCEPT_CODE": "208388003",
          "VOCABULARY_ID": "SNOMED",
          "CONCEPT_NAME": "Fracture at wrist and/or hand level",
          "DOMAIN_ID": "Condition",
          "STANDARD_CONCEPT_CAPTION": "Standard",
          "CONCEPT_CLASS_ID": "Clinical Finding",
          "INVALID_REASON": "V"
        },
        "includeMapped": false,
        "includeDescendants": true
      },
      {
        "isExcluded": true,
        "concept": {
          "INVALID_REASON_CAPTION": "Valid",
          "CONCEPT_ID": 4115182,
          "STANDARD_CONCEPT": "S",
          "CONCEPT_CODE": "287078007",
          "VOCABULARY_ID": "SNOMED",
          "CONCEPT_NAME": "Fracture malunion - ankle and/or foot",
          "DOMAIN_ID": "Condition",
          "STANDARD_CONCEPT_CAPTION": "Standard",
          "CONCEPT_CLASS_ID": "Clinical Finding",
          "INVALID_REASON": "V"
        },
        "includeMapped": false,
        "includeDescendants": true
      },
      {
        "isExcluded": true,
        "concept": {
          "INVALID_REASON_CAPTION": "Valid",
          "CONCEPT_ID": 4059173,
          "STANDARD_CONCEPT": "S",
          "CONCEPT_CODE": "16114001",
          "VOCABULARY_ID": "SNOMED",
          "CONCEPT_NAME": "Fracture of ankle",
          "DOMAIN_ID": "Condition",
          "STANDARD_CONCEPT_CAPTION": "Standard",
          "CONCEPT_CLASS_ID": "Clinical Finding",
          "INVALID_REASON": "V"
        },
        "includeMapped": false,
        "includeDescendants": true
      },
      {
        "isExcluded": true,
        "concept": {
          "INVALID_REASON_CAPTION": "Valid",
          "CONCEPT_ID": 4067766,
          "STANDARD_CONCEPT": "S",
          "CONCEPT_CODE": "203449003",
          "VOCABULARY_ID": "SNOMED",
          "CONCEPT_NAME": "Fracture of bone in neoplastic disease",
          "DOMAIN_ID": "Condition",
          "STANDARD_CONCEPT_CAPTION": "Standard",
          "CONCEPT_CLASS_ID": "Clinical Finding",
          "INVALID_REASON": "V"
        },
        "includeMapped": false,
        "includeDescendants": true
      },
      {
        "isExcluded": true,
        "concept": {
          "INVALID_REASON_CAPTION": "Valid",
          "CONCEPT_ID": 4302223,
          "STANDARD_CONCEPT": "S",
          "CONCEPT_CODE": "418764009",
          "VOCABULARY_ID": "SNOMED",
          "CONCEPT_NAME": "Fracture of bone of head",
          "DOMAIN_ID": "Condition",
          "STANDARD_CONCEPT_CAPTION": "Standard",
          "CONCEPT_CLASS_ID": "Clinical Finding",
          "INVALID_REASON": "V"
        },
        "includeMapped": false,
        "includeDescendants": true
      },
      {
        "isExcluded": false,
        "concept": {
          "INVALID_REASON_CAPTION": "Valid",
          "CONCEPT_ID": 4279139,
          "STANDARD_CONCEPT": "S",
          "CONCEPT_CODE": "65354004",
          "VOCABULARY_ID": "SNOMED",
          "CONCEPT_NAME": "Fracture of bones of trunk",
          "DOMAIN_ID": "Condition",
          "STANDARD_CONCEPT_CAPTION": "Standard",
          "CONCEPT_CLASS_ID": "Clinical Finding",
          "INVALID_REASON": "V"
        },
        "includeMapped": false,
        "includeDescendants": true
      },
      {
        "isExcluded": false,
        "concept": {
          "INVALID_REASON_CAPTION": "Valid",
          "CONCEPT_ID": 4129393,
          "STANDARD_CONCEPT": "S",
          "CONCEPT_CODE": "125606003",
          "VOCABULARY_ID": "SNOMED",
          "CONCEPT_NAME": "Fracture of cervical spine",
          "DOMAIN_ID": "Condition",
          "STANDARD_CONCEPT_CAPTION": "Standard",
          "CONCEPT_CLASS_ID": "Clinical Finding",
          "INVALID_REASON": "V"
        },
        "includeMapped": false,
        "includeDescendants": true
      },
      {
        "isExcluded": false,
        "concept": {
          "INVALID_REASON_CAPTION": "Valid",
          "CONCEPT_ID": 442560,
          "STANDARD_CONCEPT": "S",
          "CONCEPT_CODE": "71620000",
          "VOCABULARY_ID": "SNOMED",
          "CONCEPT_NAME": "Fracture of femur",
          "DOMAIN_ID": "Condition",
          "STANDARD_CONCEPT_CAPTION": "Standard",
          "CONCEPT_CLASS_ID": "Clinical Finding",
          "INVALID_REASON": "V"
        },
        "includeMapped": false,
        "includeDescendants": true
      },
      {
        "isExcluded": true,
        "concept": {
          "INVALID_REASON_CAPTION": "Valid",
          "CONCEPT_ID": 4048393,
          "STANDARD_CONCEPT": "S",
          "CONCEPT_CODE": "15574005",
          "VOCABULARY_ID": "SNOMED",
          "CONCEPT_NAME": "Fracture of foot",
          "DOMAIN_ID": "Condition",
          "STANDARD_CONCEPT_CAPTION": "Standard",
          "CONCEPT_CLASS_ID": "Clinical Finding",
          "INVALID_REASON": "V"
        },
        "includeMapped": false,
        "includeDescendants": true
      },
      {
        "isExcluded": false,
        "concept": {
          "INVALID_REASON_CAPTION": "Valid",
          "CONCEPT_ID": 4278672,
          "STANDARD_CONCEPT": "S",
          "CONCEPT_CODE": "65966004",
          "VOCABULARY_ID": "SNOMED",
          "CONCEPT_NAME": "Fracture of forearm",
          "DOMAIN_ID": "Condition",
          "STANDARD_CONCEPT_CAPTION": "Standard",
          "CONCEPT_CLASS_ID": "Clinical Finding",
          "INVALID_REASON": "V"
        },
        "includeMapped": false,
        "includeDescendants": true
      },
      {
        "isExcluded": true,
        "concept": {
          "INVALID_REASON_CAPTION": "Valid",
          "CONCEPT_ID": 4071876,
          "STANDARD_CONCEPT": "S",
          "CONCEPT_CODE": "20511007",
          "VOCABULARY_ID": "SNOMED",
          "CONCEPT_NAME": "Fracture of hand",
          "DOMAIN_ID": "Condition",
          "STANDARD_CONCEPT_CAPTION": "Standard",
          "CONCEPT_CLASS_ID": "Clinical Finding",
          "INVALID_REASON": "V"
        },
        "includeMapped": false,
        "includeDescendants": true
      },
      {
        "isExcluded": false,
        "concept": {
          "INVALID_REASON_CAPTION": "Valid",
          "CONCEPT_ID": 4185758,
          "STANDARD_CONCEPT": "S",
          "CONCEPT_CODE": "414292006",
          "VOCABULARY_ID": "SNOMED",
          "CONCEPT_NAME": "Fracture of lower leg",
          "DOMAIN_ID": "Condition",
          "STANDARD_CONCEPT_CAPTION": "Standard",
          "CONCEPT_CLASS_ID": "Clinical Finding",
          "INVALID_REASON": "V"
        },
        "includeMapped": false,
        "includeDescendants": true
      },
      {
        "isExcluded": false,
        "concept": {
          "INVALID_REASON_CAPTION": "Valid",
          "CONCEPT_ID": 4187096,
          "STANDARD_CONCEPT": "S",
          "CONCEPT_CODE": "46866001",
          "VOCABULARY_ID": "SNOMED",
          "CONCEPT_NAME": "Fracture of lower limb",
          "DOMAIN_ID": "Condition",
          "STANDARD_CONCEPT_CAPTION": "Standard",
          "CONCEPT_CLASS_ID": "Clinical Finding",
          "INVALID_REASON": "V"
        },
        "includeMapped": false,
        "includeDescendants": true
      },
      {
        "isExcluded": false,
        "concept": {
          "INVALID_REASON_CAPTION": "Valid",
          "CONCEPT_ID": 4013613,
          "STANDARD_CONCEPT": "S",
          "CONCEPT_CODE": "207986006",
          "VOCABULARY_ID": "SNOMED",
          "CONCEPT_NAME": "Fracture of lumbar spine and/or pelvis",
          "DOMAIN_ID": "Condition",
          "STANDARD_CONCEPT_CAPTION": "Standard",
          "CONCEPT_CLASS_ID": "Clinical Finding",
          "INVALID_REASON": "V"
        },
        "includeMapped": false,
        "includeDescendants": true
      },
      {
        "isExcluded": false,
        "concept": {
          "INVALID_REASON_CAPTION": "Valid",
          "CONCEPT_ID": 4050747,
          "STANDARD_CONCEPT": "S",
          "CONCEPT_CODE": "23406007",
          "VOCABULARY_ID": "SNOMED",
          "CONCEPT_NAME": "Fracture of upper limb",
          "DOMAIN_ID": "Condition",
          "STANDARD_CONCEPT_CAPTION": "Standard",
          "CONCEPT_CLASS_ID": "Clinical Finding",
          "INVALID_REASON": "V"
        },
        "includeMapped": false,
        "includeDescendants": true
      },
      {
        "isExcluded": false,
        "concept": {
          "INVALID_REASON_CAPTION": "Valid",
          "CONCEPT_ID": 4174520,
          "STANDARD_CONCEPT": "S",
          "CONCEPT_CODE": "50448004",
          "VOCABULARY_ID": "SNOMED",
          "CONCEPT_NAME": "Fracture of vertebral column",
          "DOMAIN_ID": "Condition",
          "STANDARD_CONCEPT_CAPTION": "Standard",
          "CONCEPT_CLASS_ID": "Clinical Finding",
          "INVALID_REASON": "V"
        },
        "includeMapped": false,
        "includeDescendants": true
      },
      {
        "isExcluded": false,
        "concept": {
          "INVALID_REASON_CAPTION": "Valid",
          "CONCEPT_ID": 4069306,
          "STANDARD_CONCEPT": "S",
          "CONCEPT_CODE": "203448006",
          "VOCABULARY_ID": "SNOMED",
          "CONCEPT_NAME": "Idiopathic osteoporosis with pathological fracture",
          "DOMAIN_ID": "Condition",
          "STANDARD_CONCEPT_CAPTION": "Standard",
          "CONCEPT_CLASS_ID": "Clinical Finding",
          "INVALID_REASON": "V"
        },
        "includeMapped": false,
        "includeDescendants": true
      },
      {
        "isExcluded": false,
        "concept": {
          "INVALID_REASON_CAPTION": "Valid",
          "CONCEPT_ID": 73571,
          "STANDARD_CONCEPT": "S",
          "CONCEPT_CODE": "268029009",
          "VOCABULARY_ID": "SNOMED",
          "CONCEPT_NAME": "Pathological fracture",
          "DOMAIN_ID": "Condition",
          "STANDARD_CONCEPT_CAPTION": "Standard",
          "CONCEPT_CLASS_ID": "Clinical Finding",
          "INVALID_REASON": "V"
        },
        "includeMapped": false,
        "includeDescendants": true
      },
      {
        "isExcluded": true,
        "concept": {
          "INVALID_REASON_CAPTION": "Valid",
          "CONCEPT_ID": 4115176,
          "STANDARD_CONCEPT": "S",
          "CONCEPT_CODE": "287070000",
          "VOCABULARY_ID": "SNOMED",
          "CONCEPT_NAME": "Pathological fracture - ankle and/or foot",
          "DOMAIN_ID": "Condition",
          "STANDARD_CONCEPT_CAPTION": "Standard",
          "CONCEPT_CLASS_ID": "Clinical Finding",
          "INVALID_REASON": "V"
        },
        "includeMapped": false,
        "includeDescendants": true
      },
      {
        "isExcluded": false,
        "concept": {
          "INVALID_REASON_CAPTION": "Valid",
          "CONCEPT_ID": 40480160,
          "STANDARD_CONCEPT": "S",
          "CONCEPT_CODE": "443165006",
          "VOCABULARY_ID": "SNOMED",
          "CONCEPT_NAME": "Pathological fracture due to osteoporosis",
          "DOMAIN_ID": "Condition",
          "STANDARD_CONCEPT_CAPTION": "Standard",
          "CONCEPT_CLASS_ID": "Clinical Finding",
          "INVALID_REASON": "V"
        },
        "includeMapped": false,
        "includeDescendants": true
      },
      {
        "isExcluded": false,
        "concept": {
          "INVALID_REASON_CAPTION": "Valid",
          "CONCEPT_ID": 40441585,
          "STANDARD_CONCEPT": "S",
          "CONCEPT_CODE": "240197007",
          "VOCABULARY_ID": "SNOMED",
          "CONCEPT_NAME": "Stress fracture",
          "DOMAIN_ID": "Condition",
          "STANDARD_CONCEPT_CAPTION": "Standard",
          "CONCEPT_CLASS_ID": "Clinical Finding",
          "INVALID_REASON": "V"
        },
        "includeMapped": false,
        "includeDescendants": true
      }
    ]},
    "name": "[ODTP] Osteoporotic Fracture",
    "id": 8
  }],
  "EndStrategy": {"DateOffset": {
    "DateField": "StartDate",
    "Offset": 365
  }},
  "cdmVersionRange": ">=5.0.0",
  "CensoringCriteria": [],
  "QualifiedLimit": {"Type": "First"},
  "InclusionRules": [],
  "PrimaryCriteria": {
    "CriteriaList": [{"ConditionOccurrence": {
      "OccurrenceEndDate": null,
      "CorrelatedCriteria": null,
      "ConditionTypeExclude": false,
      "CodesetId": 8,
      "ProviderSpecialty": null,
      "Gender": null,
      "VisitType": null,
      "First": null,
      "OccurrenceStartDate": null,
      "ConditionType": null,
      "ConditionSourceConcept": null,
      "ConditionStatus": null,
      "StopReason": null,
      "Age": null
    }}],
    "PrimaryCriteriaLimit": {"Type": "All"},
    "ObservationWindow": {
      "PostDays": 0,
      "PriorDays": 0
    }
  }
}